"Post Title",Post/Page,Domain,"Original Author","Original Post date","last edited Author","Last Modified Date","Number of Times Accessed","Total Hits"
Authentication,page,azure.yorkvilleu.test,anormoreyorkvilleu-ca,1970-01-01T00:33:37Z,anormoreyorkvilleu-ca,1970-01-01T00:33:38Z,0,"0 View"
"Network Search",page,azure.yorkvilleu.test,andrewnormore,1970-01-01T00:33:37Z,andrewnormore,1970-01-01T00:33:37Z,0,"0 View"
Blog2,page,azure.yorkvilleu.test,andrewnormore,1970-01-01T00:33:37Z,andrewnormore,1970-01-01T00:33:37Z,0,"0 View"
"Search Results",page,azure.yorkvilleu.test,andrewnormore,1970-01-01T00:33:37Z,andrewnormore,1970-01-01T00:33:37Z,0,"0 View"
Blog,page,azure.yorkvilleu.test,Unknown,1970-01-01T00:33:37Z,Unknown,1970-01-01T00:33:37Z,0,"0 View"
News,page,azure.yorkvilleu.test,Unknown,1970-01-01T00:33:37Z,Unknown,1970-01-01T00:33:37Z,0,"0 View"
"Bachelor of Creative Arts/Program Founder",page,azure.yorkvilleu.test,ahenis,1970-01-01T00:33:37Z,ahenis,1970-01-01T00:33:38Z,0,"0 View"
"Ontario Admission Requirements",page,azure.yorkvilleu.test,andrewnormore,1970-01-01T00:33:37Z,andrewnormore,1970-01-01T00:33:37Z,0,"0 View"
Ontario,page,azure.yorkvilleu.test,andrewnormore,1970-01-01T00:33:37Z,andrewnormore,1970-01-01T00:33:37Z,0,"0 View"
"Submit Event",page,azure.yorkvilleu.test,Unknown,1970-01-01T00:33:37Z,Unknown,1970-01-01T00:33:37Z,0,"0 View"
"YU Events",page,azure.yorkvilleu.test,Unknown,1970-01-01T00:33:37Z,Unknown,1970-01-01T00:33:37Z,0,"0 View"
"President's Message",page,azure.yorkvilleu.test,yclark,1970-01-01T00:33:37Z,yclark,1970-01-01T00:33:37Z,0,"0 View"
"Discover Yorkville University",page,azure.yorkvilleu.test,iekaputranta,1970-01-01T00:33:37Z,iekaputranta,1970-01-01T00:33:37Z,0,"0 View"
"Media Requests",page,azure.yorkvilleu.test,andrewnormore,1970-01-01T00:33:36Z,andrewnormore,1970-01-01T00:33:36Z,0,"0 View"
"Professional Designations for Graduates",page,azure.yorkvilleu.test,andrewnormore,1970-01-01T00:33:36Z,andrewnormore,1970-01-01T00:33:36Z,0,"0 View"
"UPS Canada Partnership",page,azure.yorkvilleu.test,ahenis,1970-01-01T00:33:36Z,ahenis,1970-01-01T00:33:36Z,0,"0 View"
"Application Started",page,azure.yorkvilleu.test,andrewnormore,1970-01-01T00:33:36Z,andrewnormore,1970-01-01T00:33:36Z,0,"0 View"
"Apply Now",page,azure.yorkvilleu.test,andrewnormore,1970-01-01T00:33:36Z,andrewnormore,1970-01-01T00:33:36Z,0,"0 View"
Submitted,page,azure.yorkvilleu.test,Unknown,1970-01-01T00:33:36Z,Unknown,1970-01-01T00:33:36Z,0,"0 View"
Forms,page,azure.yorkvilleu.test,Unknown,1970-01-01T00:33:36Z,Unknown,1970-01-01T00:33:36Z,0,"0 View"
Test,page,azure.yorkvilleu.test,andrewnormore,1970-01-01T00:33:35Z,andrewnormore,1970-01-01T00:33:35Z,0,"0 View"
"The Institute for Performance and Learning",page,azure.yorkvilleu.test,andrewnormore,1970-01-01T00:33:35Z,andrewnormore,1970-01-01T00:33:35Z,0,"0 View"
"Canadian Forces Bursary",page,azure.yorkvilleu.test,mkamal,1970-01-01T00:33:35Z,mkamal,1970-01-01T00:33:35Z,0,"0 View"
"Graduation Requirements",page,azure.yorkvilleu.test,andrewnormore,1970-01-01T00:33:35Z,andrewnormore,1970-01-01T00:33:35Z,0,"0 View"
"Graduation Requirements",page,azure.yorkvilleu.test,andrewnormore,1970-01-01T00:33:35Z,andrewnormore,1970-01-01T00:33:35Z,0,"0 View"
"Graduation Requirements",page,azure.yorkvilleu.test,andrewnormore,1970-01-01T00:33:35Z,andrewnormore,1970-01-01T00:33:35Z,0,"0 View"
"Graduation Requirements",page,azure.yorkvilleu.test,andrewnormore,1970-01-01T00:33:35Z,andrewnormore,1970-01-01T00:33:35Z,0,"0 View"
"Online Campus",page,azure.yorkvilleu.test,mkamal,1970-01-01T00:33:35Z,mkamal,1970-01-01T00:33:35Z,0,"0 View"
"Master of Education Tuition and Fees",page,azure.yorkvilleu.test,mkamal,1970-01-01T00:33:35Z,mkamal,1970-01-01T00:33:35Z,0,"0 View"
"Master of Arts in Counselling Psychology Tuition and Fees",page,azure.yorkvilleu.test,mkamal,1970-01-01T00:33:35Z,mkamal,1970-01-01T00:33:35Z,0,"0 View"
"Bachelor of Business Administration Tuition and Fees",page,azure.yorkvilleu.test,mkamal,1970-01-01T00:33:35Z,mkamal,1970-01-01T00:33:35Z,0,"0 View"
"Master of Education Admissions Requirements",page,azure.yorkvilleu.test,mkamal,1970-01-01T00:33:35Z,mkamal,1970-01-01T00:33:35Z,0,"0 View"
"Master of Arts in Counselling Psychology Admissions Requirements",page,azure.yorkvilleu.test,mkamal,1970-01-01T00:33:35Z,mkamal,1970-01-01T00:33:35Z,0,"0 View"
"New Brunswick Admission Requirements",page,azure.yorkvilleu.test,mkamal,1970-01-01T00:33:35Z,mkamal,1970-01-01T00:33:35Z,0,"0 View"
"British Columbia Admission Requirements",page,azure.yorkvilleu.test,mkamal,1970-01-01T00:33:35Z,mkamal,1970-01-01T00:33:35Z,0,"0 View"
"Career Outcomes",page,azure.yorkvilleu.test,mkamal,1970-01-01T00:33:35Z,mkamal,1970-01-01T00:33:35Z,0,"0 View"
"Course Descriptions",page,azure.yorkvilleu.test,mkamal,1970-01-01T00:33:35Z,mkamal,1970-01-01T00:33:35Z,0,"0 View"
"Specialization in Supply Chain Management",page,azure.yorkvilleu.test,mkamal,1970-01-01T00:33:35Z,mkamal,1970-01-01T00:33:35Z,0,"0 View"
"Career Outcomes",page,azure.yorkvilleu.test,mkamal,1970-01-01T00:33:35Z,mkamal,1970-01-01T00:33:35Z,0,"0 View"
"Course Descriptions",page,azure.yorkvilleu.test,mkamal,1970-01-01T00:33:35Z,mkamal,1970-01-01T00:33:35Z,0,"0 View"
"Specialization in Project Management",page,azure.yorkvilleu.test,mkamal,1970-01-01T00:33:35Z,mkamal,1970-01-01T00:33:35Z,0,"0 View"
"Course Descriptions",page,azure.yorkvilleu.test,mkamal,1970-01-01T00:33:35Z,mkamal,1970-01-01T00:33:35Z,0,"0 View"
"Career Outcomes",page,azure.yorkvilleu.test,mkamal,1970-01-01T00:33:35Z,mkamal,1970-01-01T00:33:35Z,0,"0 View"
"Specialization in Energy Management",page,azure.yorkvilleu.test,mkamal,1970-01-01T00:33:35Z,mkamal,1970-01-01T00:33:35Z,0,"0 View"
"Career Outcomes",page,azure.yorkvilleu.test,mkamal,1970-01-01T00:33:35Z,mkamal,1970-01-01T00:33:35Z,0,"0 View"
"Course Descriptions",page,azure.yorkvilleu.test,mkamal,1970-01-01T00:33:35Z,mkamal,1970-01-01T00:33:35Z,0,"0 View"
"Professional Designations",page,azure.yorkvilleu.test,mkamal,1970-01-01T00:33:35Z,mkamal,1970-01-01T00:33:35Z,0,"0 View"
"Specialization in Accounting",page,azure.yorkvilleu.test,mkamal,1970-01-01T00:33:35Z,mkamal,1970-01-01T00:33:35Z,0,"0 View"
"Articulation Agreements",page,azure.yorkvilleu.test,mkamal,1970-01-01T00:33:35Z,mkamal,1970-01-01T00:33:35Z,0,"0 View"
"Professional Designations",page,azure.yorkvilleu.test,mkamal,1970-01-01T00:33:35Z,mkamal,1970-01-01T00:33:35Z,0,"0 View"
"General Degree",page,azure.yorkvilleu.test,mkamal,1970-01-01T00:33:35Z,mkamal,1970-01-01T00:33:35Z,0,"0 View"
"Undergraduate Programs",page,azure.yorkvilleu.test,mkamal,1970-01-01T00:33:35Z,mkamal,1970-01-01T00:33:35Z,0,"0 View"
"Graduate Programs",page,azure.yorkvilleu.test,mkamal,1970-01-01T00:33:35Z,mkamal,1970-01-01T00:33:35Z,0,"0 View"
"New Brunswick",page,azure.yorkvilleu.test,mkamal,1970-01-01T00:33:35Z,mkamal,1970-01-01T00:33:35Z,0,"0 View"
"British Columbia",page,azure.yorkvilleu.test,mkamal,1970-01-01T00:33:35Z,mkamal,1970-01-01T00:33:35Z,0,"0 View"
"Provincial Approvals",page,azure.yorkvilleu.test,mkamal,1970-01-01T00:33:35Z,mkamal,1970-01-01T00:33:35Z,0,"0 View"
"Professional Designations",page,azure.yorkvilleu.test,mkamal,1970-01-01T00:33:35Z,mkamal,1970-01-01T00:33:35Z,0,"0 View"
"Bachelor of Business Administration Admissions Requirements",page,azure.yorkvilleu.test,mkamal,1970-01-01T00:33:35Z,mkamal,1970-01-01T00:33:35Z,0,"0 View"
"Academy Canada",page,azure.yorkvilleu.test,mkamal,1970-01-01T00:33:35Z,mkamal,1970-01-01T00:33:35Z,0,"0 View"
mailpoet-moodle,page,azure.yorkvilleu.test,andrewnormore,1970-01-01T00:33:35Z,andrewnormore,1970-01-01T00:33:35Z,0,"0 View"
"Resources mobile",page,azure.yorkvilleu.test,mkamal,1970-01-01T00:33:35Z,mkamal,1970-01-01T00:33:35Z,0,"0 View"
"My Newsletter Profile",page,azure.yorkvilleu.test,mkamal,1970-01-01T00:33:35Z,mkamal,1970-01-01T00:33:35Z,0,"0 View"
"Thanks for subscribing!",page,azure.yorkvilleu.test,mkamal,1970-01-01T00:33:35Z,mkamal,1970-01-01T00:33:35Z,0,"0 View"
"Sorry to see you go...",page,azure.yorkvilleu.test,mkamal,1970-01-01T00:33:35Z,mkamal,1970-01-01T00:33:35Z,0,"0 View"
"Career outcomes",page,azure.yorkvilleu.test,mkamal,1970-01-01T00:33:35Z,mkamal,1970-01-01T00:33:35Z,0,"0 View"
"Learning Outcomes",page,azure.yorkvilleu.test,mkamal,1970-01-01T00:33:35Z,mkamal,1970-01-01T00:33:35Z,0,"0 View"
"Major Academic Report &amp; Research Project",page,azure.yorkvilleu.test,mkamal,1970-01-01T00:33:35Z,mkamal,1970-01-01T00:33:35Z,0,"0 View"
"Course Descriptions",page,azure.yorkvilleu.test,mkamal,1970-01-01T00:33:35Z,mkamal,1970-01-01T00:33:35Z,0,"0 View"
"Program Timetable",page,azure.yorkvilleu.test,mkamal,1970-01-01T00:33:35Z,mkamal,1970-01-01T00:33:35Z,0,"0 View"
"Educational Administration Specialization",page,azure.yorkvilleu.test,mkamal,1970-01-01T00:33:35Z,mkamal,1970-01-01T00:33:35Z,0,"0 View"
"Leadership in Learning Specialization",page,azure.yorkvilleu.test,mkamal,1970-01-01T00:33:35Z,mkamal,1970-01-01T00:33:35Z,0,"0 View"
"Graduation Requirements",page,azure.yorkvilleu.test,mkamal,1970-01-01T00:33:35Z,mkamal,1970-01-01T00:33:35Z,0,"0 View"
"Master of Education in Educational Leadership",page,azure.yorkvilleu.test,mkamal,1970-01-01T00:33:35Z,mkamal,1970-01-01T00:33:35Z,0,"0 View"
"Admissions Advisor",page,azure.yorkvilleu.test,mkamal,1970-01-01T00:33:35Z,mkamal,1970-01-01T00:33:35Z,0,"0 View"
Counselling/Psychology,page,azure.yorkvilleu.test,mkamal,1970-01-01T00:33:35Z,mkamal,1970-01-01T00:33:35Z,0,"0 View"
"Bachelor of Business Administration",page,azure.yorkvilleu.test,mkamal,1970-01-01T00:33:35Z,mkamal,1970-01-01T00:33:35Z,0,"0 View"
"Associate Faculty - Faculty of Education",page,azure.yorkvilleu.test,mkamal,1970-01-01T00:33:35Z,mkamal,1970-01-01T00:33:35Z,0,"0 View"
Careers,page,azure.yorkvilleu.test,mkamal,1970-01-01T00:33:35Z,mkamal,1970-01-01T00:33:35Z,0,"0 View"
"Contact the Bursar",page,azure.yorkvilleu.test,mkamal,1970-01-01T00:33:35Z,mkamal,1970-01-01T00:33:35Z,0,"0 View"
Library,page,azure.yorkvilleu.test,mkamal,1970-01-01T00:33:35Z,mkamal,1970-01-01T00:33:35Z,0,"0 View"
"System Requirements",page,azure.yorkvilleu.test,mkamal,1970-01-01T00:33:35Z,mkamal,1970-01-01T00:33:35Z,0,"0 View"
"The Jacob Markovitz Memorial Scholarship",page,azure.yorkvilleu.test,mkamal,1970-01-01T00:33:35Z,mkamal,1970-01-01T00:33:35Z,0,"0 View"
"New Brunswick Provincial Government Employees Bursary Program",page,azure.yorkvilleu.test,mkamal,1970-01-01T00:33:35Z,mkamal,1970-01-01T00:33:35Z,0,"0 View"
"International Students",page,azure.yorkvilleu.test,mkamal,1970-01-01T00:33:35Z,mkamal,1970-01-01T00:33:35Z,0,"0 View"
"Career Outcomes",page,azure.yorkvilleu.test,mkamal,1970-01-01T00:33:35Z,mkamal,1970-01-01T00:33:35Z,0,"0 View"
"Program Timetable",page,azure.yorkvilleu.test,mkamal,1970-01-01T00:33:35Z,mkamal,1970-01-01T00:33:35Z,0,"0 View"
"Course Descriptions",page,azure.yorkvilleu.test,mkamal,1970-01-01T00:33:35Z,mkamal,1970-01-01T00:33:35Z,0,"0 View"
"Major Academic Report and Action Research Project",page,azure.yorkvilleu.test,mkamal,1970-01-01T00:33:35Z,mkamal,1970-01-01T00:33:35Z,0,"0 View"
"Master of Education in Adult Education",page,azure.yorkvilleu.test,mkamal,1970-01-01T00:33:35Z,mkamal,1970-01-01T00:33:37Z,0,"0 View"
"Apply Now - Thank You",page,azure.yorkvilleu.test,mkamal,1970-01-01T00:33:34Z,mkamal,1970-01-01T00:33:34Z,0,"0 View"
"Request Information - Thank You",page,azure.yorkvilleu.test,mkamal,1970-01-01T00:33:34Z,mkamal,1970-01-01T00:33:34Z,0,"0 View"
Resources,page,azure.yorkvilleu.test,mkamal,1970-01-01T00:33:34Z,mkamal,1970-01-01T00:33:34Z,0,"0 View"
"Employment Insurance Benefits",page,azure.yorkvilleu.test,mkamal,1970-01-01T00:33:34Z,mkamal,1970-01-01T00:33:34Z,0,"0 View"
Scholarships,page,azure.yorkvilleu.test,mkamal,1970-01-01T00:33:34Z,mkamal,1970-01-01T00:33:34Z,0,"0 View"
"Life Long Learning Plan (LLP)",page,azure.yorkvilleu.test,mkamal,1970-01-01T00:33:34Z,mkamal,1970-01-01T00:33:34Z,0,"0 View"
"Registered Education Savings Plan (RESP)",page,azure.yorkvilleu.test,mkamal,1970-01-01T00:33:34Z,mkamal,1970-01-01T00:33:34Z,0,"0 View"
"Student Line of Credit",page,azure.yorkvilleu.test,mkamal,1970-01-01T00:33:34Z,mkamal,1970-01-01T00:33:34Z,0,"0 View"
"Canada Student Loan Program",page,azure.yorkvilleu.test,mkamal,1970-01-01T00:33:34Z,mkamal,1970-01-01T00:33:34Z,0,"0 View"
"Tuition and Fees",page,azure.yorkvilleu.test,mkamal,1970-01-01T00:33:34Z,mkamal,1970-01-01T00:33:34Z,0,"0 View"
"Program Timetable",page,azure.yorkvilleu.test,mkamal,1970-01-01T00:33:34Z,mkamal,1970-01-01T00:33:34Z,0,"0 View"
"Bachelor of Business Administration",page,azure.yorkvilleu.test,mkamal,1970-01-01T00:33:34Z,mkamal,1970-01-01T00:33:34Z,0,"0 View"
"Course Descriptions",page,azure.yorkvilleu.test,mkamal,1970-01-01T00:33:34Z,mkamal,1970-01-01T00:33:34Z,0,"0 View"
"Graduation Requirements",page,azure.yorkvilleu.test,mkamal,1970-01-01T00:33:34Z,mkamal,1970-01-01T00:33:34Z,0,"0 View"
"Credit Transfers",page,azure.yorkvilleu.test,mkamal,1970-01-01T00:33:34Z,mkamal,1970-01-01T00:33:34Z,0,"0 View"
"Admission Requirements",page,azure.yorkvilleu.test,mkamal,1970-01-01T00:33:34Z,mkamal,1970-01-01T00:33:34Z,0,"0 View"
"Career Outcomes",page,azure.yorkvilleu.test,mkamal,1970-01-01T00:33:34Z,mkamal,1970-01-01T00:33:34Z,0,"0 View"
"Search Results",page,azure.yorkvilleu.test,mkamal,1970-01-01T00:33:34Z,mkamal,1970-01-01T00:33:34Z,0,"0 View"
Sitemap,page,azure.yorkvilleu.test,mkamal,1970-01-01T00:33:34Z,mkamal,1970-01-01T00:33:34Z,0,"0 View"
"Copyright Notice",page,azure.yorkvilleu.test,mkamal,1970-01-01T00:33:34Z,mkamal,1970-01-01T00:33:34Z,0,"0 View"
"Privacy Statement",page,azure.yorkvilleu.test,mkamal,1970-01-01T00:33:34Z,mkamal,1970-01-01T00:33:34Z,0,"0 View"
Home,page,azure.yorkvilleu.test,mkamal,1970-01-01T00:33:34Z,mkamal,1970-01-01T00:33:37Z,0,"0 View"
"Eastern College",page,azure.yorkvilleu.test,mkamal,1970-01-01T00:33:34Z,mkamal,1970-01-01T00:33:34Z,0,"0 View"
"Westervelt College",page,azure.yorkvilleu.test,mkamal,1970-01-01T00:33:34Z,mkamal,1970-01-01T00:33:34Z,0,"0 View"
"Toronto Film School",page,azure.yorkvilleu.test,mkamal,1970-01-01T00:33:34Z,mkamal,1970-01-01T00:33:34Z,0,"0 View"
"Partner Schools",page,azure.yorkvilleu.test,mkamal,1970-01-01T00:33:34Z,mkamal,1970-01-01T00:33:34Z,0,"0 View"
"Admission Requirements",page,azure.yorkvilleu.test,mkamal,1970-01-01T00:33:34Z,mkamal,1970-01-01T00:33:34Z,0,"0 View"
Administration,page,azure.yorkvilleu.test,mkamal,1970-01-01T00:33:34Z,mkamal,1970-01-01T00:33:34Z,0,"0 View"
Faculty,page,azure.yorkvilleu.test,mkamal,1970-01-01T00:33:34Z,mkamal,1970-01-01T00:33:34Z,0,"0 View"
"Board of Governors",page,azure.yorkvilleu.test,mkamal,1970-01-01T00:33:34Z,mkamal,1970-01-01T00:33:34Z,0,"0 View"
"Psychometric Assessments",page,azure.yorkvilleu.test,mkamal,1970-01-01T00:33:34Z,mkamal,1970-01-01T00:33:34Z,0,"0 View"
"Career Management Professional Program",page,azure.yorkvilleu.test,mkamal,1970-01-01T00:33:34Z,mkamal,1970-01-01T00:33:34Z,0,"0 View"
"Continuing Professional Education",page,azure.yorkvilleu.test,mkamal,1970-01-01T00:33:34Z,mkamal,1970-01-01T00:33:34Z,0,"0 View"
"MACP Designation",page,azure.yorkvilleu.test,mkamal,1970-01-01T00:33:34Z,mkamal,1970-01-01T00:33:34Z,0,"0 View"
"Course Descriptions",page,azure.yorkvilleu.test,mkamal,1970-01-01T00:33:34Z,mkamal,1970-01-01T00:33:34Z,0,"0 View"
"Career Outcomes",page,azure.yorkvilleu.test,mkamal,1970-01-01T00:33:34Z,mkamal,1970-01-01T00:33:34Z,0,"0 View"
"Program Timetable",page,azure.yorkvilleu.test,mkamal,1970-01-01T00:33:34Z,mkamal,1970-01-01T00:33:34Z,0,"0 View"
"Professional Designations for MACP Graduates",page,azure.yorkvilleu.test,mkamal,1970-01-01T00:33:34Z,mkamal,1970-01-01T00:33:34Z,0,"0 View"
"Scope of Practice &amp; Ethical Obligations",page,azure.yorkvilleu.test,mkamal,1970-01-01T00:33:34Z,mkamal,1970-01-01T00:33:34Z,0,"0 View"
Practicum,page,azure.yorkvilleu.test,mkamal,1970-01-01T00:33:34Z,mkamal,1970-01-01T00:33:34Z,0,"0 View"
"Master of Arts in Counselling Psychology",page,azure.yorkvilleu.test,mkamal,1970-01-01T00:33:34Z,mkamal,1970-01-01T00:33:34Z,0,"0 View"
Programs,page,azure.yorkvilleu.test,mkamal,1970-01-01T00:33:34Z,mkamal,1970-01-01T00:33:34Z,0,"0 View"
"Financial Aid",page,azure.yorkvilleu.test,mkamal,1970-01-01T00:33:34Z,mkamal,1970-01-01T00:33:34Z,0,"0 View"
"Mission Statement",page,azure.yorkvilleu.test,mkamal,1970-01-01T00:33:34Z,mkamal,1970-01-01T00:33:34Z,0,"0 View"
"Academic Schedule",page,azure.yorkvilleu.test,mkamal,1970-01-01T00:33:34Z,mkamal,1970-01-01T00:33:34Z,0,"0 View"
"President's Message",page,azure.yorkvilleu.test,mkamal,1970-01-01T00:33:34Z,mkamal,1970-01-01T00:33:34Z,0,"0 View"
"Academic Calendar",page,azure.yorkvilleu.test,mkamal,1970-01-01T00:33:34Z,mkamal,1970-01-01T00:33:34Z,0,"0 View"
"Request Information",page,azure.yorkvilleu.test,mkamal,1970-01-01T00:33:34Z,mkamal,1970-01-01T00:33:34Z,0,"0 View"
"Guide to Online Learning",page,azure.yorkvilleu.test,mkamal,1970-01-01T00:33:34Z,mkamal,1970-01-01T00:33:34Z,0,"0 View"
"Contact Us",page,azure.yorkvilleu.test,mkamal,1970-01-01T00:33:34Z,mkamal,1970-01-01T00:33:34Z,0,"0 View"
Admissions,page,azure.yorkvilleu.test,mkamal,1970-01-01T00:33:34Z,mkamal,1970-01-01T00:33:34Z,0,"0 View"
About,page,azure.yorkvilleu.test,mkamal,1970-01-01T00:33:34Z,mkamal,1970-01-01T00:33:34Z,0,"0 View"
"Welcome to the Writing Lab",post,success.yorkvilleu.test,yorkvilleu,1970-01-01T00:33:37Z,yorkvilleu,1970-01-01T00:33:38Z,0,"0 Views"
"Course Guide: BUSI 1033",post,success.yorkvilleu.test,yorkvilleu,1970-01-01T00:33:37Z,yorkvilleu,1970-01-01T00:33:37Z,0,"0 Views"
"SOS Moved",page,success.yorkvilleu.test,andrewnormore,1970-01-01T00:33:37Z,andrewnormore,1970-01-01T00:33:37Z,0,"0 Views"
"Stress Management",post,success.yorkvilleu.test,yorkvilleu,1970-01-01T00:33:37Z,yorkvilleu,1970-01-01T00:33:38Z,0,"0 Views"
"Crisis Help",post,success.yorkvilleu.test,yorkvilleu,1970-01-01T00:33:37Z,yorkvilleu,1970-01-01T00:33:38Z,0,"0 Views"
"Get Tutoring Support",post,success.yorkvilleu.test,yorkvilleu,1970-01-01T00:33:37Z,yorkvilleu,1970-01-01T00:33:37Z,0,"0 Views"
"Smarthinking - Math and Writing Tutoring",post,success.yorkvilleu.test,andrewnormore,1970-01-01T00:33:37Z,andrewnormore,1970-01-01T00:33:38Z,0,"0 Views"
"Math Lab",page,success.yorkvilleu.test,andrewnormore,1970-01-01T00:33:37Z,andrewnormore,1970-01-01T00:33:37Z,0,"0 Views"
"Tools to Support your Study",page,success.yorkvilleu.test,andrewnormore,1970-01-01T00:33:37Z,andrewnormore,1970-01-01T00:33:37Z,0,"0 Views"
"Library Tools",page,success.yorkvilleu.test,andrewnormore,1970-01-01T00:33:37Z,andrewnormore,1970-01-01T00:33:37Z,0,"0 Views"
"Home-Study Balance",page,success.yorkvilleu.test,andrewnormore,1970-01-01T00:33:37Z,andrewnormore,1970-01-01T00:33:37Z,0,"0 Views"
"Writing Lab",page,success.yorkvilleu.test,andrewnormore,1970-01-01T00:33:37Z,andrewnormore,1970-01-01T00:33:37Z,0,"0 Views"
"New to YorkvilleU",page,success.yorkvilleu.test,andrewnormore,1970-01-01T00:33:37Z,andrewnormore,1970-01-01T00:33:37Z,0,"0 Views"
Navigation,page,success.yorkvilleu.test,andrewnormore,1970-01-01T00:33:37Z,andrewnormore,1970-01-01T00:33:37Z,0,"0 Views"
"Creating a Narrated PowerPoint",post,success.yorkvilleu.test,yorkvilleu,1970-01-01T00:33:36Z,yorkvilleu,1970-01-01T00:33:38Z,0,"0 Views"
"Library Searching Orientation",post,success.yorkvilleu.test,yorkvilleu,1970-01-01T00:33:36Z,yorkvilleu,1970-01-01T00:33:36Z,0,"0 Views"
"How to Perform a Literature Review",post,success.yorkvilleu.test,yorkvilleu,1970-01-01T00:33:36Z,yorkvilleu,1970-01-01T00:33:38Z,0,"0 Views"
"How to Write a Critique",post,success.yorkvilleu.test,yorkvilleu,1970-01-01T00:33:36Z,yorkvilleu,1970-01-01T00:33:36Z,0,"0 Views"
"How to Use the Databases",post,success.yorkvilleu.test,yorkvilleu,1970-01-01T00:33:36Z,yorkvilleu,1970-01-01T00:33:36Z,0,"0 Views"
"Finding Peer-Reviewed Articles",post,success.yorkvilleu.test,yorkvilleu,1970-01-01T00:33:36Z,yorkvilleu,1970-01-01T00:33:36Z,0,"0 Views"
"Citing Business Resources",post,success.yorkvilleu.test,yorkvilleu,1970-01-01T00:33:36Z,yorkvilleu,1970-01-01T00:33:38Z,0,"0 Views"
"What are Peer Reviewed Articles?",post,success.yorkvilleu.test,yorkvilleu,1970-01-01T00:33:36Z,yorkvilleu,1970-01-01T00:33:36Z,0,"0 Views"
"How to Cite in APA",post,success.yorkvilleu.test,yorkvilleu,1970-01-01T00:33:36Z,yorkvilleu,1970-01-01T00:33:36Z,0,"0 Views"
"Plagiarism Prevention Tutorial",post,success.yorkvilleu.test,yorkvilleu,1970-01-01T00:33:36Z,yorkvilleu,1970-01-01T00:33:38Z,0,"0 Views"
"What Do I Need to Reference?",post,success.yorkvilleu.test,yorkvilleu,1970-01-01T00:33:36Z,yorkvilleu,1970-01-01T00:33:38Z,0,"0 Views"
"Why do I Need to Reference?",post,success.yorkvilleu.test,yorkvilleu,1970-01-01T00:33:36Z,yorkvilleu,1970-01-01T00:33:38Z,0,"0 Views"
"APA Checklist",post,success.yorkvilleu.test,yorkvilleu,1970-01-01T00:33:36Z,yorkvilleu,1970-01-01T00:33:38Z,0,"0 Views"
"Referencing Guide: Websites",post,success.yorkvilleu.test,yorkvilleu,1970-01-01T00:33:36Z,yorkvilleu,1970-01-01T00:33:38Z,0,"0 Views"
"Referencing Guide: Print",post,success.yorkvilleu.test,yorkvilleu,1970-01-01T00:33:36Z,yorkvilleu,1970-01-01T00:33:38Z,0,"0 Views"
"APA Formatting",post,success.yorkvilleu.test,yorkvilleu,1970-01-01T00:33:36Z,yorkvilleu,1970-01-01T00:33:38Z,0,"0 Views"
"Basics of Referencing",post,success.yorkvilleu.test,yorkvilleu,1970-01-01T00:33:36Z,yorkvilleu,1970-01-01T00:33:38Z,0,"0 Views"
"Crash Course in APA",post,success.yorkvilleu.test,yorkvilleu,1970-01-01T00:33:36Z,yorkvilleu,1970-01-01T00:33:38Z,0,"0 Views"
"Literature Review: How to Write",post,success.yorkvilleu.test,yorkvilleu,1970-01-01T00:33:36Z,yorkvilleu,1970-01-01T00:33:36Z,0,"0 Views"
"Literature Review: How to Research",post,success.yorkvilleu.test,yorkvilleu,1970-01-01T00:33:36Z,yorkvilleu,1970-01-01T00:33:38Z,0,"0 Views"
"Editing your Essay",post,success.yorkvilleu.test,yorkvilleu,1970-01-01T00:33:36Z,yorkvilleu,1970-01-01T00:33:38Z,0,"0 Views"
"Essay Checklist",post,success.yorkvilleu.test,yorkvilleu,1970-01-01T00:33:36Z,yorkvilleu,1970-01-01T00:33:36Z,0,"0 Views"
"How to Write an Essay",post,success.yorkvilleu.test,yorkvilleu,1970-01-01T00:33:36Z,yorkvilleu,1970-01-01T00:33:36Z,0,"0 Views"
"Research for Essays",post,success.yorkvilleu.test,yorkvilleu,1970-01-01T00:33:36Z,yorkvilleu,1970-01-01T00:33:36Z,0,"0 Views"
"How Will the Instructor Assess Your Essay?",post,success.yorkvilleu.test,yorkvilleu,1970-01-01T00:33:36Z,yorkvilleu,1970-01-01T00:33:38Z,0,"0 Views"
"Report Final Checklist",post,success.yorkvilleu.test,yorkvilleu,1970-01-01T00:33:36Z,yorkvilleu,1970-01-01T00:33:38Z,0,"0 Views"
"Editing your Report",post,success.yorkvilleu.test,yorkvilleu,1970-01-01T00:33:36Z,yorkvilleu,1970-01-01T00:33:38Z,0,"0 Views"
"Write a Report",post,success.yorkvilleu.test,yorkvilleu,1970-01-01T00:33:36Z,yorkvilleu,1970-01-01T00:33:38Z,0,"0 Views"
"Report Formatting",post,success.yorkvilleu.test,yorkvilleu,1970-01-01T00:33:36Z,yorkvilleu,1970-01-01T00:33:38Z,0,"0 Views"
"Researching for a Report",post,success.yorkvilleu.test,yorkvilleu,1970-01-01T00:33:36Z,yorkvilleu,1970-01-01T00:33:38Z,0,"0 Views"
"Writing Lab - APA and Writing Tutoring",post,success.yorkvilleu.test,yorkvilleu,1970-01-01T00:33:36Z,yorkvilleu,1970-01-01T00:33:38Z,0,"0 Views"
"Editing and Proofreading",post,success.yorkvilleu.test,yorkvilleu,1970-01-01T00:33:36Z,yorkvilleu,1970-01-01T00:33:36Z,0,"0 Views"
"Being a Successful Writer",post,success.yorkvilleu.test,yorkvilleu,1970-01-01T00:33:36Z,yorkvilleu,1970-01-01T00:33:38Z,0,"0 Views"
"Academic Writing â€“ What Is So Special About That?",post,success.yorkvilleu.test,yorkvilleu,1970-01-01T00:33:36Z,yorkvilleu,1970-01-01T00:33:36Z,0,"0 Views"
"English is Not My First Language",post,success.yorkvilleu.test,yorkvilleu,1970-01-01T00:33:36Z,yorkvilleu,1970-01-01T00:33:36Z,0,"0 Views"
"News Forum and Blog",post,success.yorkvilleu.test,yorkvilleu,1970-01-01T00:33:36Z,yorkvilleu,1970-01-01T00:33:36Z,0,"0 Views"
"Introduction and Learning Goal",post,success.yorkvilleu.test,yorkvilleu,1970-01-01T00:33:36Z,yorkvilleu,1970-01-01T00:33:36Z,0,"0 Views"
"Ask Questions About the Writing Lab",post,success.yorkvilleu.test,yorkvilleu,1970-01-01T00:33:36Z,yorkvilleu,1970-01-01T00:33:36Z,0,"0 Views"
"Writing Lab Overview",post,success.yorkvilleu.test,yorkvilleu,1970-01-01T00:33:36Z,yorkvilleu,1970-01-01T00:33:38Z,0,"0 Views"
Self-Care,post,success.yorkvilleu.test,yorkvilleu,1970-01-01T00:33:36Z,yorkvilleu,1970-01-01T00:33:38Z,0,"0 Views"
"Managing Anxiety",post,success.yorkvilleu.test,yorkvilleu,1970-01-01T00:33:36Z,yorkvilleu,1970-01-01T00:33:38Z,0,"0 Views"
"Setting Small and SMART Goals",post,success.yorkvilleu.test,yorkvilleu,1970-01-01T00:33:36Z,yorkvilleu,1970-01-01T00:33:38Z,0,"0 Views"
"Realistic Timetable and Stress",post,success.yorkvilleu.test,yorkvilleu,1970-01-01T00:33:36Z,yorkvilleu,1970-01-01T00:33:36Z,0,"0 Views"
"Speak With your Program Advisor",post,success.yorkvilleu.test,yorkvilleu,1970-01-01T00:33:36Z,yorkvilleu,1970-01-01T00:33:38Z,0,"0 Views"
"APA Formatting Made Simple",post,success.yorkvilleu.test,yorkvilleu,1970-01-01T00:33:36Z,yorkvilleu,1970-01-01T00:33:36Z,0,"0 Views"
"Academic Honesty",post,success.yorkvilleu.test,yorkvilleu,1970-01-01T00:33:36Z,yorkvilleu,1970-01-01T00:33:36Z,0,"0 Views"
"Reading Methods",post,success.yorkvilleu.test,yorkvilleu,1970-01-01T00:33:36Z,yorkvilleu,1970-01-01T00:33:36Z,0,"0 Views"
"Annotating a Website or PDF",post,success.yorkvilleu.test,yorkvilleu,1970-01-01T00:33:36Z,yorkvilleu,1970-01-01T00:33:36Z,0,"0 Views"
"Managing Your References",post,success.yorkvilleu.test,yorkvilleu,1970-01-01T00:33:36Z,yorkvilleu,1970-01-01T00:33:36Z,0,"0 Views"
"Data Storage and Backup",post,success.yorkvilleu.test,yorkvilleu,1970-01-01T00:33:36Z,yorkvilleu,1970-01-01T00:33:36Z,0,"0 Views"
"Online Reference Tools",post,success.yorkvilleu.test,yorkvilleu,1970-01-01T00:33:36Z,yorkvilleu,1970-01-01T00:33:36Z,0,"0 Views"
"Searching the Web for Sources: Social Networks",post,success.yorkvilleu.test,yorkvilleu,1970-01-01T00:33:36Z,yorkvilleu,1970-01-01T00:33:36Z,0,"0 Views"
"Searching the Web for Sources: Controlled Vocabulary",post,success.yorkvilleu.test,yorkvilleu,1970-01-01T00:33:36Z,yorkvilleu,1970-01-01T00:33:36Z,0,"0 Views"
"Searching the Web for Sources: Keywords",post,success.yorkvilleu.test,yorkvilleu,1970-01-01T00:33:36Z,yorkvilleu,1970-01-01T00:33:36Z,0,"0 Views"
"Beginning a Literature Search",post,success.yorkvilleu.test,yorkvilleu,1970-01-01T00:33:36Z,yorkvilleu,1970-01-01T00:33:36Z,0,"0 Views"
"Evaluating Internet Information",post,success.yorkvilleu.test,yorkvilleu,1970-01-01T00:33:36Z,yorkvilleu,1970-01-01T00:33:36Z,0,"0 Views"
"Is This Academic Paper a Useful Source?",post,success.yorkvilleu.test,yorkvilleu,1970-01-01T00:33:36Z,yorkvilleu,1970-01-01T00:33:36Z,0,"0 Views"
"Information Literacy",post,success.yorkvilleu.test,yorkvilleu,1970-01-01T00:33:36Z,yorkvilleu,1970-01-01T00:33:36Z,0,"0 Views"
"Strategies for Success in the Library",post,success.yorkvilleu.test,yorkvilleu,1970-01-01T00:33:36Z,yorkvilleu,1970-01-01T00:33:36Z,0,"0 Views"
"Textbook Strategies: While Reading",post,success.yorkvilleu.test,yorkvilleu,1970-01-01T00:33:36Z,yorkvilleu,1970-01-01T00:33:36Z,0,"0 Views"
"Textbooks: Before Getting Started",post,success.yorkvilleu.test,yorkvilleu,1970-01-01T00:33:36Z,yorkvilleu,1970-01-01T00:33:36Z,0,"0 Views"
"Help with Searching",post,success.yorkvilleu.test,yorkvilleu,1970-01-01T00:33:36Z,yorkvilleu,1970-01-01T00:33:36Z,0,"0 Views"
"Tips for Using the Database",post,success.yorkvilleu.test,yorkvilleu,1970-01-01T00:33:36Z,yorkvilleu,1970-01-01T00:33:36Z,0,"0 Views"
"Using the University Library",post,success.yorkvilleu.test,yorkvilleu,1970-01-01T00:33:36Z,yorkvilleu,1970-01-01T00:33:36Z,0,"0 Views"
"Support Services",post,success.yorkvilleu.test,yorkvilleu,1970-01-01T00:33:36Z,yorkvilleu,1970-01-01T00:33:38Z,0,"0 Views"
"Monitoring Your Progress",post,success.yorkvilleu.test,yorkvilleu,1970-01-01T00:33:36Z,yorkvilleu,1970-01-01T00:33:38Z,0,"0 Views"
"Using Time Effectively",post,success.yorkvilleu.test,yorkvilleu,1970-01-01T00:33:36Z,yorkvilleu,1970-01-01T00:33:38Z,0,"0 Views"
"Scheduling Your Work",post,success.yorkvilleu.test,yorkvilleu,1970-01-01T00:33:36Z,yorkvilleu,1970-01-01T00:33:38Z,0,"0 Views"
"During Exam Advice",post,success.yorkvilleu.test,yorkvilleu,1970-01-01T00:33:36Z,yorkvilleu,1970-01-01T00:33:38Z,0,"0 Views"
"How to Study for An Exam",post,success.yorkvilleu.test,yorkvilleu,1970-01-01T00:33:36Z,yorkvilleu,1970-01-01T00:33:38Z,0,"0 Views"
Debating,post,success.yorkvilleu.test,yorkvilleu,1970-01-01T00:33:36Z,yorkvilleu,1970-01-01T00:33:38Z,0,"0 Views"
"Writing an Elevator Pitch",post,success.yorkvilleu.test,yorkvilleu,1970-01-01T00:33:36Z,yorkvilleu,1970-01-01T00:33:38Z,0,"0 Views"
"Presenting a Presentation",post,success.yorkvilleu.test,yorkvilleu,1970-01-01T00:33:36Z,yorkvilleu,1970-01-01T00:33:38Z,0,"0 Views"
"Visual Aids in Presentations",post,success.yorkvilleu.test,yorkvilleu,1970-01-01T00:33:36Z,yorkvilleu,1970-01-01T00:33:38Z,0,"0 Views"
"Designing a Presentation",post,success.yorkvilleu.test,yorkvilleu,1970-01-01T00:33:36Z,yorkvilleu,1970-01-01T00:33:38Z,0,"0 Views"
"Discussion Board Etiquette",post,success.yorkvilleu.test,yorkvilleu,1970-01-01T00:33:36Z,yorkvilleu,1970-01-01T00:33:38Z,0,"0 Views"
"Making Discussion Posts",post,success.yorkvilleu.test,yorkvilleu,1970-01-01T00:33:36Z,yorkvilleu,1970-01-01T00:33:38Z,0,"0 Views"
"Preparing for Discussion Posts",post,success.yorkvilleu.test,yorkvilleu,1970-01-01T00:33:36Z,yorkvilleu,1970-01-01T00:33:38Z,0,"0 Views"
"Critical Thinking",post,success.yorkvilleu.test,yorkvilleu,1970-01-01T00:33:36Z,yorkvilleu,1970-01-01T00:33:38Z,0,"0 Views"
"Thinking &amp; Analysis",post,success.yorkvilleu.test,yorkvilleu,1970-01-01T00:33:36Z,yorkvilleu,1970-01-01T00:33:38Z,0,"0 Views"
"Track Your Work: Learning Portfolio",post,success.yorkvilleu.test,yorkvilleu,1970-01-01T00:33:36Z,yorkvilleu,1970-01-01T00:33:38Z,0,"0 Views"
"Reflective Learning Journals",post,success.yorkvilleu.test,yorkvilleu,1970-01-01T00:33:36Z,yorkvilleu,1970-01-01T00:33:38Z,0,"0 Views"
"Reflective Learning Strategies",post,success.yorkvilleu.test,yorkvilleu,1970-01-01T00:33:36Z,yorkvilleu,1970-01-01T00:33:38Z,0,"0 Views"
"What is Reflective Learning?",post,success.yorkvilleu.test,yorkvilleu,1970-01-01T00:33:36Z,yorkvilleu,1970-01-01T00:33:38Z,0,"0 Views"
"Intro to Reflective Learning",post,success.yorkvilleu.test,yorkvilleu,1970-01-01T00:33:36Z,yorkvilleu,1970-01-01T00:33:38Z,0,"0 Views"
"Being Critical",post,success.yorkvilleu.test,yorkvilleu,1970-01-01T00:33:36Z,yorkvilleu,1970-01-01T00:33:38Z,0,"0 Views"
"Support from Your Peers",post,success.yorkvilleu.test,yorkvilleu,1970-01-01T00:33:36Z,yorkvilleu,1970-01-01T00:33:38Z,0,"0 Views"
"Interacting with Classmates",post,success.yorkvilleu.test,yorkvilleu,1970-01-01T00:33:36Z,yorkvilleu,1970-01-01T00:33:38Z,0,"0 Views"
"Interacting with Your Instructors",post,success.yorkvilleu.test,yorkvilleu,1970-01-01T00:33:36Z,yorkvilleu,1970-01-01T00:33:38Z,0,"0 Views"
"Discussion Posts",post,success.yorkvilleu.test,yorkvilleu,1970-01-01T00:33:36Z,yorkvilleu,1970-01-01T00:33:38Z,0,"0 Views"
"Time Management",post,success.yorkvilleu.test,yorkvilleu,1970-01-01T00:33:36Z,yorkvilleu,1970-01-01T00:33:38Z,0,"0 Views"
"Independent Learner",post,success.yorkvilleu.test,yorkvilleu,1970-01-01T00:33:36Z,yorkvilleu,1970-01-01T00:33:38Z,0,"0 Views"
AskYU,page,success.yorkvilleu.test,andrewnormore,1970-01-01T00:33:36Z,andrewnormore,1970-01-01T00:33:37Z,0,"0 Views"
"Campus Orientation",post,success.yorkvilleu.test,andrewnormore,1970-01-01T00:33:36Z,andrewnormore,1970-01-01T00:33:38Z,0,"0 Views"
"Key Technology",post,success.yorkvilleu.test,andrewnormore,1970-01-01T00:33:36Z,andrewnormore,1970-01-01T00:33:38Z,0,"0 Views"
Motivation,post,success.yorkvilleu.test,andrewnormore,1970-01-01T00:33:36Z,andrewnormore,1970-01-01T00:33:38Z,0,"0 Views"
Posts,page,success.yorkvilleu.test,andrewnormore,1970-01-01T00:33:36Z,andrewnormore,1970-01-01T00:33:36Z,0,"0 Views"
"Welcome to the Learning Success Centre",page,success.yorkvilleu.test,andrewnormore,1970-01-01T00:33:36Z,andrewnormore,1970-01-01T00:33:38Z,0,"0 Views"
"Smart Thinking Tutorial Services",post,library.yorkvilleu.test,anormoreyorkvilleu-ca,1970-01-01T00:33:38Z,"Andrew Normore",1970-01-01T00:33:38Z,0,"0 View"
"Free Trials",page,library.yorkvilleu.test,anormoreyorkvilleu-ca,1970-01-01T00:33:38Z,"Andrew Normore",1970-01-01T00:33:38Z,0,"0 View"
"Textbook Information",page,library.yorkvilleu.test,anormoreyorkvilleu-ca,1970-01-01T00:33:38Z,anormoreyorkvilleu-ca,1970-01-01T00:33:38Z,0,"0 View"
"General Studies",page,library.yorkvilleu.test,anormoreyorkvilleu-ca,1970-01-01T00:33:38Z,anormoreyorkvilleu-ca,1970-01-01T00:33:38Z,0,"0 View"
Encyclopedia,page,library.yorkvilleu.test,anormoreyorkvilleu-ca,1970-01-01T00:33:38Z,anormoreyorkvilleu-ca,1970-01-01T00:33:38Z,0,"0 View"
Glossary,page,library.yorkvilleu.test,anormoreyorkvilleu-ca,1970-01-01T00:33:38Z,anormoreyorkvilleu-ca,1970-01-01T00:33:38Z,0,"0 View"
"Bachelor of Technology",page,library.yorkvilleu.test,andrewnormore,1970-01-01T00:33:38Z,andrewnormore,1970-01-01T00:33:38Z,0,"0 View"
"Interior Design",page,library.yorkvilleu.test,andrewnormore,1970-01-01T00:33:38Z,andrewnormore,1970-01-01T00:33:38Z,0,"0 View"
"Research Methods",page,library.yorkvilleu.test,andrewnormore,1970-01-01T00:33:37Z,andrewnormore,1970-01-01T00:33:37Z,0,"0 View"
Education,page,library.yorkvilleu.test,andrewnormore,1970-01-01T00:33:37Z,andrewnormore,1970-01-01T00:33:38Z,0,"0 View"
Business,page,library.yorkvilleu.test,andrewnormore,1970-01-01T00:33:37Z,andrewnormore,1970-01-01T00:33:37Z,0,"0 View"
Psychology,page,library.yorkvilleu.test,andrewnormore,1970-01-01T00:33:37Z,andrewnormore,1970-01-01T00:33:37Z,0,"0 View"
"Open Access",page,library.yorkvilleu.test,andrewnormore,1970-01-01T00:33:37Z,andrewnormore,1970-01-01T00:33:37Z,0,"0 View"
"Fee Based",page,library.yorkvilleu.test,andrewnormore,1970-01-01T00:33:37Z,andrewnormore,1970-01-01T00:33:37Z,0,"0 View"
"Research Software",post,library.yorkvilleu.test,andrewnormore,1970-01-01T00:33:37Z,andrewnormore,1970-01-01T00:33:38Z,0,"0 View"
Business,post,library.yorkvilleu.test,andrewnormore,1970-01-01T00:33:37Z,andrewnormore,1970-01-01T00:33:38Z,0,"0 View"
Education,post,library.yorkvilleu.test,andrewnormore,1970-01-01T00:33:37Z,andrewnormore,1970-01-01T00:33:38Z,0,"0 View"
Psychology,post,library.yorkvilleu.test,andrewnormore,1970-01-01T00:33:37Z,andrewnormore,1970-01-01T00:33:38Z,0,"0 View"
"Education Research Disciplines",post,library.yorkvilleu.test,andrewnormore,1970-01-01T00:33:37Z,andrewnormore,1970-01-01T00:33:38Z,0,"0 View"
"Course Support",post,library.yorkvilleu.test,andrewnormore,1970-01-01T00:33:37Z,andrewnormore,1970-01-01T00:33:38Z,0,"0 View"
Statistics,post,library.yorkvilleu.test,andrewnormore,1970-01-01T00:33:37Z,andrewnormore,1970-01-01T00:33:38Z,0,"0 View"
"Government Publications",post,library.yorkvilleu.test,andrewnormore,1970-01-01T00:33:37Z,andrewnormore,1970-01-01T00:33:38Z,0,"0 View"
"Dissertation Sources",post,library.yorkvilleu.test,andrewnormore,1970-01-01T00:33:37Z,andrewnormore,1970-01-01T00:33:38Z,0,"0 View"
"Professional Associations",post,library.yorkvilleu.test,andrewnormore,1970-01-01T00:33:37Z,andrewnormore,1970-01-01T00:33:37Z,0,"0 View"
"Open Access eBooks",post,library.yorkvilleu.test,andrewnormore,1970-01-01T00:33:37Z,andrewnormore,1970-01-01T00:33:37Z,0,"0 View"
"Open Access Journals",post,library.yorkvilleu.test,andrewnormore,1970-01-01T00:33:37Z,andrewnormore,1970-01-01T00:33:37Z,0,"0 View"
"Education Reference Resources",post,library.yorkvilleu.test,andrewnormore,1970-01-01T00:33:37Z,andrewnormore,1970-01-01T00:33:37Z,0,"0 View"
"Course Resources",post,library.yorkvilleu.test,andrewnormore,1970-01-01T00:33:37Z,andrewnormore,1970-01-01T00:33:37Z,0,"0 View"
"Business Research Tutorials",post,library.yorkvilleu.test,andrewnormore,1970-01-01T00:33:37Z,andrewnormore,1970-01-01T00:33:37Z,0,"0 View"
"Government Resources",post,library.yorkvilleu.test,andrewnormore,1970-01-01T00:33:37Z,andrewnormore,1970-01-01T00:33:37Z,0,"0 View"
"Business Research Disciplines",post,library.yorkvilleu.test,andrewnormore,1970-01-01T00:33:37Z,andrewnormore,1970-01-01T00:33:37Z,0,"0 View"
"Statistics &amp; Data",post,library.yorkvilleu.test,andrewnormore,1970-01-01T00:33:37Z,andrewnormore,1970-01-01T00:33:37Z,0,"0 View"
"Open Access eBooks",post,library.yorkvilleu.test,andrewnormore,1970-01-01T00:33:37Z,andrewnormore,1970-01-01T00:33:37Z,0,"0 View"
"Open Access Journals",post,library.yorkvilleu.test,andrewnormore,1970-01-01T00:33:37Z,andrewnormore,1970-01-01T00:33:38Z,0,"0 View"
Reference,post,library.yorkvilleu.test,andrewnormore,1970-01-01T00:33:37Z,andrewnormore,1970-01-01T00:33:37Z,0,"0 View"
"JSTOR Options",post,library.yorkvilleu.test,andrewnormore,1970-01-01T00:33:37Z,andrewnormore,1970-01-01T00:33:37Z,0,"0 View"
DeepDyve,post,library.yorkvilleu.test,andrewnormore,1970-01-01T00:33:37Z,andrewnormore,1970-01-01T00:33:37Z,0,"0 View"
"Evidence Based Practice",post,library.yorkvilleu.test,andrewnormore,1970-01-01T00:33:37Z,andrewnormore,1970-01-01T00:33:37Z,0,"0 View"
"Statistics &amp; Data",post,library.yorkvilleu.test,andrewnormore,1970-01-01T00:33:37Z,andrewnormore,1970-01-01T00:33:37Z,0,"0 View"
"Counselling Resources",post,library.yorkvilleu.test,andrewnormore,1970-01-01T00:33:37Z,andrewnormore,1970-01-01T00:33:37Z,0,"0 View"
DSM-5,post,library.yorkvilleu.test,andrewnormore,1970-01-01T00:33:37Z,andrewnormore,1970-01-01T00:33:37Z,0,"0 View"
"Dissertation Sources",post,library.yorkvilleu.test,andrewnormore,1970-01-01T00:33:37Z,andrewnormore,1970-01-01T00:33:37Z,0,"0 View"
"Professional Associations",post,library.yorkvilleu.test,andrewnormore,1970-01-01T00:33:37Z,andrewnormore,1970-01-01T00:33:37Z,0,"0 View"
"Open Access eBooks",post,library.yorkvilleu.test,andrewnormore,1970-01-01T00:33:37Z,andrewnormore,1970-01-01T00:33:37Z,0,"0 View"
"Open Access Journals",post,library.yorkvilleu.test,andrewnormore,1970-01-01T00:33:37Z,andrewnormore,1970-01-01T00:33:37Z,0,"0 View"
Reference,post,library.yorkvilleu.test,andrewnormore,1970-01-01T00:33:37Z,andrewnormore,1970-01-01T00:33:37Z,0,"0 View"
Posts,page,library.yorkvilleu.test,anormoreyorkvilleu-ca,1970-01-01T00:33:37Z,anormoreyorkvilleu-ca,1970-01-01T00:33:37Z,0,"0 View"
"Welcome to the Library",page,library.yorkvilleu.test,anormoreyorkvilleu-ca,1970-01-01T00:33:37Z,anormoreyorkvilleu-ca,1970-01-01T00:33:38Z,0,"0 View"
"Hello world!",post,library.yorkvilleu.test,Unknown,1970-01-01T00:33:37Z,Unknown,1970-01-01T00:33:37Z,0,"0 View"
"Sample Page",page,library.yorkvilleu.test,Unknown,1970-01-01T00:33:37Z,Unknown,1970-01-01T00:33:37Z,0,"0 View"
"Welcome Message from the Dean (MACP)",post,myprogram.yorkvilleu.test,tseely,1970-01-01T00:33:38Z,tseely,1970-01-01T00:33:38Z,2,"0 Views"
"Welcome Message from the Dean (M.Ed)",post,myprogram.yorkvilleu.test,tseely,1970-01-01T00:33:38Z,tseely,1970-01-01T00:33:38Z,2,"0 Views"
API,page,myprogram.yorkvilleu.test,anormoreyorkvilleu-ca,1970-01-01T00:33:38Z,anormoreyorkvilleu-ca,1970-01-01T00:33:38Z,2,"0 Views"
"Message from the Dean (ON)",post,myprogram.yorkvilleu.test,tseely,1970-01-01T00:33:37Z,tseely,1970-01-01T00:33:38Z,2,"0 Views"
"Message from the Dean (BC)",post,myprogram.yorkvilleu.test,tseely,1970-01-01T00:33:37Z,tseely,1970-01-01T00:33:38Z,2,"0 Views"
"Message from the Dean (NB)",post,myprogram.yorkvilleu.test,tseely,1970-01-01T00:33:37Z,tseely,1970-01-01T00:33:38Z,2,"0 Views"
"Academic Council (BC)",post,myprogram.yorkvilleu.test,tseely,1970-01-01T00:33:37Z,tseely,1970-01-01T00:33:38Z,2,"0 Views"
"Senate (NB)",post,myprogram.yorkvilleu.test,tseely,1970-01-01T00:33:37Z,tseely,1970-01-01T00:33:38Z,2,"0 Views"
"Academic Council (ON)",post,myprogram.yorkvilleu.test,tseely,1970-01-01T00:33:37Z,tseely,1970-01-01T00:33:38Z,2,"0 Views"
"Engineering Technology Program Page",post,myprogram.yorkvilleu.test,tseely,1970-01-01T00:33:37Z,tseely,1970-01-01T00:33:38Z,2,"0 Views"
"BID Program Page",post,myprogram.yorkvilleu.test,tseely,1970-01-01T00:33:37Z,tseely,1970-01-01T00:33:38Z,2,"0 Views"
"Career Services",post,myprogram.yorkvilleu.test,tseely,1970-01-01T00:33:37Z,tseely,1970-01-01T00:33:38Z,2,"0 Views"
"Student Counseling",post,myprogram.yorkvilleu.test,tseely,1970-01-01T00:33:37Z,tseely,1970-01-01T00:33:38Z,2,"0 Views"
"Dean's Council (ON)",post,myprogram.yorkvilleu.test,tseely,1970-01-01T00:33:37Z,tseely,1970-01-01T00:33:38Z,2,"0 Views"
"Ontario Campus",post,myprogram.yorkvilleu.test,tseely,1970-01-01T00:33:37Z,tseely,1970-01-01T00:33:38Z,2,"0 Views"
"MACP Program Page",post,myprogram.yorkvilleu.test,tseely,1970-01-01T00:33:37Z,tseely,1970-01-01T00:33:38Z,2,"0 Views"
"M.Ed. Program Page",post,myprogram.yorkvilleu.test,tseely,1970-01-01T00:33:37Z,tseely,1970-01-01T00:33:38Z,2,"0 Views"
"BBA Program Page",post,myprogram.yorkvilleu.test,tseely,1970-01-01T00:33:37Z,tseely,1970-01-01T00:33:38Z,2,"0 Views"
Registrar,page,myprogram.yorkvilleu.test,tseely,1970-01-01T00:33:37Z,tseely,1970-01-01T00:33:38Z,2,"0 Views"
"Program Resources",page,myprogram.yorkvilleu.test,andrewnormore,1970-01-01T00:33:37Z,andrewnormore,1970-01-01T00:33:38Z,2,"0 Views"
"Requesting Accommodation",page,myprogram.yorkvilleu.test,andrewnormore,1970-01-01T00:33:37Z,andrewnormore,1970-01-01T00:33:37Z,2,"0 Views"
"Finance and Bursar",page,myprogram.yorkvilleu.test,andrewnormore,1970-01-01T00:33:37Z,andrewnormore,1970-01-01T00:33:38Z,2,"0 Views"
"Calendar Policies",page,myprogram.yorkvilleu.test,andrewnormore,1970-01-01T00:33:37Z,andrewnormore,1970-01-01T00:33:38Z,2,"0 Views"
Records,page,myprogram.yorkvilleu.test,andrewnormore,1970-01-01T00:33:37Z,andrewnormore,1970-01-01T00:33:37Z,2,"0 Views"
Orientation,page,myprogram.yorkvilleu.test,andrewnormore,1970-01-01T00:33:37Z,andrewnormore,1970-01-01T00:33:38Z,2,"0 Views"
"Program News",page,myprogram.yorkvilleu.test,andrewnormore,1970-01-01T00:33:37Z,andrewnormore,1970-01-01T00:33:38Z,2,"0 Views"
"My Program Information",page,myprogram.yorkvilleu.test,andrewnormore,1970-01-01T00:33:37Z,andrewnormore,1970-01-01T00:33:38Z,2,"0 Views"
test,post,alumni.yorkvilleu.test,andrewnormore,1970-01-01T00:33:38Z,andrewnormore,1970-01-01T00:33:38Z,5,"0 Views"
Submit,page,alumni.yorkvilleu.test,anormoreyorkvilleu-ca,1970-01-01T00:33:38Z,anormoreyorkvilleu-ca,1970-01-01T00:33:38Z,5,"0 Views"
"Are You in the Alumni Group? Join Today.",post,alumni.yorkvilleu.test,ehatfieldyorkvilleu-ca,1970-01-01T00:33:38Z,ehatfieldyorkvilleu-ca,1970-01-01T00:33:38Z,5,"0 Views"
"Yorkville Alumnus Charles Pitts Retires from YU Senate and Launches his Dream Career at 70",post,alumni.yorkvilleu.test,ehatfieldyorkvilleu-ca,1970-01-01T00:33:38Z,ehatfieldyorkvilleu-ca,1970-01-01T00:33:38Z,5,"0 Views"
Profile,page,alumni.yorkvilleu.test,andrewnormore,1970-01-01T00:33:38Z,andrewnormore,1970-01-01T00:33:38Z,5,"0 Views"
"MED Alumnus Rima Al Tawil Excels, Putting Online Education Theory into Practice",post,alumni.yorkvilleu.test,anormoreyorkvilleu-ca,1970-01-01T00:33:38Z,anormoreyorkvilleu-ca,1970-01-01T00:33:38Z,5,"0 Views"
"Graduate Gets Promotion at Prestigious University",post,alumni.yorkvilleu.test,anormoreyorkvilleu-ca,1970-01-01T00:33:38Z,anormoreyorkvilleu-ca,1970-01-01T00:33:38Z,5,"0 Views"
"New Alumni Site has Launched",post,alumni.yorkvilleu.test,anormoreyorkvilleu-ca,1970-01-01T00:33:37Z,anormoreyorkvilleu-ca,1970-01-01T00:33:38Z,5,"0 Views"
"Sandy Johnston",post,alumni.yorkvilleu.test,andrewnormore,1970-01-01T00:33:37Z,andrewnormore,1970-01-01T00:33:37Z,5,"0 Views"
"Erik Vonk",post,alumni.yorkvilleu.test,andrewnormore,1970-01-01T00:33:37Z,andrewnormore,1970-01-01T00:33:37Z,5,"0 Views"
"Paulo Brasil",post,alumni.yorkvilleu.test,andrewnormore,1970-01-01T00:33:37Z,andrewnormore,1970-01-01T00:33:37Z,5,"0 Views"
"Karen Stevenson",post,alumni.yorkvilleu.test,andrewnormore,1970-01-01T00:33:37Z,andrewnormore,1970-01-01T00:33:37Z,5,"0 Views"
"Jamie Swann",post,alumni.yorkvilleu.test,andrewnormore,1970-01-01T00:33:37Z,andrewnormore,1970-01-01T00:33:37Z,5,"0 Views"
"Vincent Duchesne",post,alumni.yorkvilleu.test,andrewnormore,1970-01-01T00:33:37Z,andrewnormore,1970-01-01T00:33:37Z,5,"0 Views"
"Tara Hope",post,alumni.yorkvilleu.test,andrewnormore,1970-01-01T00:33:37Z,andrewnormore,1970-01-01T00:33:37Z,5,"0 Views"
"Judi Arthur",post,alumni.yorkvilleu.test,andrewnormore,1970-01-01T00:33:37Z,andrewnormore,1970-01-01T00:33:37Z,5,"0 Views"
"Talia Camozzi",post,alumni.yorkvilleu.test,andrewnormore,1970-01-01T00:33:37Z,andrewnormore,1970-01-01T00:33:37Z,5,"0 Views"
"Mary Beswick",post,alumni.yorkvilleu.test,andrewnormore,1970-01-01T00:33:37Z,andrewnormore,1970-01-01T00:33:37Z,5,"0 Views"
"Hannah McCormack",post,alumni.yorkvilleu.test,andrewnormore,1970-01-01T00:33:37Z,andrewnormore,1970-01-01T00:33:37Z,5,"0 Views"
"Deborah Dinshaw",post,alumni.yorkvilleu.test,andrewnormore,1970-01-01T00:33:37Z,andrewnormore,1970-01-01T00:33:37Z,5,"0 Views"
"Julie Clarke",post,alumni.yorkvilleu.test,andrewnormore,1970-01-01T00:33:37Z,andrewnormore,1970-01-01T00:33:37Z,5,"0 Views"
"Joelle Anderson",post,alumni.yorkvilleu.test,andrewnormore,1970-01-01T00:33:37Z,andrewnormore,1970-01-01T00:33:37Z,5,"0 Views"
"Juliann Rasanyagam",post,alumni.yorkvilleu.test,andrewnormore,1970-01-01T00:33:37Z,andrewnormore,1970-01-01T00:33:37Z,5,"0 Views"
"Julia DeLong",post,alumni.yorkvilleu.test,andrewnormore,1970-01-01T00:33:37Z,andrewnormore,1970-01-01T00:33:37Z,5,"0 Views"
"Hayden Johnston",post,alumni.yorkvilleu.test,andrewnormore,1970-01-01T00:33:37Z,andrewnormore,1970-01-01T00:33:37Z,5,"0 Views"
"William Perrault",post,alumni.yorkvilleu.test,andrewnormore,1970-01-01T00:33:37Z,andrewnormore,1970-01-01T00:33:37Z,5,"0 Views"
"Julie Desjardins",post,alumni.yorkvilleu.test,andrewnormore,1970-01-01T00:33:37Z,andrewnormore,1970-01-01T00:33:37Z,5,"0 Views"
"Amber McKay",post,alumni.yorkvilleu.test,andrewnormore,1970-01-01T00:33:37Z,andrewnormore,1970-01-01T00:33:37Z,5,"0 Views"
"Aysha Farouk",post,alumni.yorkvilleu.test,andrewnormore,1970-01-01T00:33:37Z,andrewnormore,1970-01-01T00:33:37Z,5,"0 Views"
"Grant Waldman",post,alumni.yorkvilleu.test,andrewnormore,1970-01-01T00:33:37Z,andrewnormore,1970-01-01T00:33:37Z,5,"0 Views"
"Shannon Johns",post,alumni.yorkvilleu.test,andrewnormore,1970-01-01T00:33:37Z,andrewnormore,1970-01-01T00:33:37Z,5,"0 Views"
"Caitlyn James",post,alumni.yorkvilleu.test,andrewnormore,1970-01-01T00:33:37Z,andrewnormore,1970-01-01T00:33:37Z,5,"0 Views"
"Bobbie Knowles",post,alumni.yorkvilleu.test,andrewnormore,1970-01-01T00:33:37Z,andrewnormore,1970-01-01T00:33:37Z,5,"0 Views"
"Lora Dikova-Bradford",post,alumni.yorkvilleu.test,andrewnormore,1970-01-01T00:33:37Z,andrewnormore,1970-01-01T00:33:37Z,5,"0 Views"
"Christina Crowe",post,alumni.yorkvilleu.test,andrewnormore,1970-01-01T00:33:37Z,andrewnormore,1970-01-01T00:33:37Z,5,"0 Views"
"Kim Calder Stegemann",post,alumni.yorkvilleu.test,andrewnormore,1970-01-01T00:33:37Z,andrewnormore,1970-01-01T00:33:37Z,5,"0 Views"
"Kim Ekiz",post,alumni.yorkvilleu.test,andrewnormore,1970-01-01T00:33:37Z,andrewnormore,1970-01-01T00:33:37Z,5,"0 Views"
"Puneet Hayer",post,alumni.yorkvilleu.test,andrewnormore,1970-01-01T00:33:37Z,andrewnormore,1970-01-01T00:33:37Z,5,"0 Views"
"Alyson Hirtle",post,alumni.yorkvilleu.test,andrewnormore,1970-01-01T00:33:37Z,andrewnormore,1970-01-01T00:33:37Z,5,"0 Views"
"Jessica Eckensweiler",post,alumni.yorkvilleu.test,andrewnormore,1970-01-01T00:33:37Z,andrewnormore,1970-01-01T00:33:37Z,5,"0 Views"
"Rachel Dundas",post,alumni.yorkvilleu.test,andrewnormore,1970-01-01T00:33:37Z,andrewnormore,1970-01-01T00:33:37Z,5,"0 Views"
"Patricia Regier",post,alumni.yorkvilleu.test,andrewnormore,1970-01-01T00:33:37Z,andrewnormore,1970-01-01T00:33:37Z,5,"0 Views"
"Starlene MacDonald",post,alumni.yorkvilleu.test,andrewnormore,1970-01-01T00:33:37Z,andrewnormore,1970-01-01T00:33:37Z,5,"0 Views"
"Dahlia Naguib",post,alumni.yorkvilleu.test,andrewnormore,1970-01-01T00:33:37Z,andrewnormore,1970-01-01T00:33:37Z,5,"0 Views"
"Rita Schnarr",post,alumni.yorkvilleu.test,andrewnormore,1970-01-01T00:33:37Z,andrewnormore,1970-01-01T00:33:37Z,5,"0 Views"
"Ben Burleigh",post,alumni.yorkvilleu.test,andrewnormore,1970-01-01T00:33:37Z,andrewnormore,1970-01-01T00:33:37Z,5,"0 Views"
"Nadine Nadalutti",post,alumni.yorkvilleu.test,andrewnormore,1970-01-01T00:33:37Z,andrewnormore,1970-01-01T00:33:37Z,5,"0 Views"
"Cheryl Bradshaw",post,alumni.yorkvilleu.test,andrewnormore,1970-01-01T00:33:37Z,andrewnormore,1970-01-01T00:33:37Z,5,"0 Views"
"Maria Petrolo",post,alumni.yorkvilleu.test,andrewnormore,1970-01-01T00:33:37Z,andrewnormore,1970-01-01T00:33:37Z,5,"0 Views"
"Stanley Jeyakumar Velichore",post,alumni.yorkvilleu.test,andrewnormore,1970-01-01T00:33:37Z,andrewnormore,1970-01-01T00:33:37Z,5,"0 Views"
"Noreen Sibanda",post,alumni.yorkvilleu.test,andrewnormore,1970-01-01T00:33:37Z,andrewnormore,1970-01-01T00:33:37Z,5,"0 Views"
"Roshel Shaminda Perera",post,alumni.yorkvilleu.test,andrewnormore,1970-01-01T00:33:37Z,andrewnormore,1970-01-01T00:33:37Z,5,"0 Views"
"Jennifer Thomson",post,alumni.yorkvilleu.test,andrewnormore,1970-01-01T00:33:37Z,andrewnormore,1970-01-01T00:33:37Z,5,"0 Views"
"Theresa Fraser",post,alumni.yorkvilleu.test,andrewnormore,1970-01-01T00:33:37Z,andrewnormore,1970-01-01T00:33:37Z,5,"0 Views"
"Sheilagh O'Sullivan",post,alumni.yorkvilleu.test,andrewnormore,1970-01-01T00:33:37Z,andrewnormore,1970-01-01T00:33:37Z,5,"0 Views"
"Chelsea Ganam",post,alumni.yorkvilleu.test,andrewnormore,1970-01-01T00:33:37Z,andrewnormore,1970-01-01T00:33:37Z,5,"0 Views"
"Amanda Wilson",post,alumni.yorkvilleu.test,andrewnormore,1970-01-01T00:33:37Z,andrewnormore,1970-01-01T00:33:37Z,5,"0 Views"
"Michelle Belanger",post,alumni.yorkvilleu.test,andrewnormore,1970-01-01T00:33:37Z,andrewnormore,1970-01-01T00:33:37Z,5,"0 Views"
"Patricia Robichaud",post,alumni.yorkvilleu.test,andrewnormore,1970-01-01T00:33:37Z,andrewnormore,1970-01-01T00:33:37Z,5,"0 Views"
"Julie Desjardins, MACP, CCC",post,alumni.yorkvilleu.test,andrewnormore,1970-01-01T00:33:37Z,andrewnormore,1970-01-01T00:33:37Z,5,"0 Views"
"Cynthia Farnsworth",post,alumni.yorkvilleu.test,andrewnormore,1970-01-01T00:33:37Z,andrewnormore,1970-01-01T00:33:37Z,5,"0 Views"
"Angela Herd",post,alumni.yorkvilleu.test,andrewnormore,1970-01-01T00:33:37Z,andrewnormore,1970-01-01T00:33:37Z,5,"0 Views"
"Angela Herd",post,alumni.yorkvilleu.test,andrewnormore,1970-01-01T00:33:37Z,andrewnormore,1970-01-01T00:33:37Z,5,"0 Views"
"Heidi Piotrowski",post,alumni.yorkvilleu.test,andrewnormore,1970-01-01T00:33:37Z,andrewnormore,1970-01-01T00:33:37Z,5,"0 Views"
"Christine Hall",post,alumni.yorkvilleu.test,andrewnormore,1970-01-01T00:33:37Z,andrewnormore,1970-01-01T00:33:37Z,5,"0 Views"
"Christine Hakkola (formerly 'Lee')",post,alumni.yorkvilleu.test,andrewnormore,1970-01-01T00:33:37Z,andrewnormore,1970-01-01T00:33:37Z,5,"0 Views"
"Leslie Magri",post,alumni.yorkvilleu.test,andrewnormore,1970-01-01T00:33:37Z,andrewnormore,1970-01-01T00:33:38Z,5,"0 Views"
"Explore your Alumni Community",page,alumni.yorkvilleu.test,anormoreyorkvilleu-ca,1970-01-01T00:33:37Z,anormoreyorkvilleu-ca,1970-01-01T00:33:38Z,5,"0 Views"
Posts,page,alumni.yorkvilleu.test,anormoreyorkvilleu-ca,1970-01-01T00:33:37Z,anormoreyorkvilleu-ca,1970-01-01T00:33:37Z,5,"0 Views"
"Event Request Form",page,alumni.yorkvilleu.test,andrewnormore,1970-01-01T00:33:37Z,andrewnormore,1970-01-01T00:33:37Z,5,"0 Views"
"Alumni Map",page,alumni.yorkvilleu.test,andrewnormore,1970-01-01T00:33:37Z,andrewnormore,1970-01-01T00:33:37Z,5,"0 Views"
"Sample Page",page,alumni.yorkvilleu.test,Unknown,1970-01-01T00:33:37Z,Unknown,1970-01-01T00:33:37Z,5,"0 Views"
"Alumni Awards",page,alumni.yorkvilleu.test,andrewnormore,1970-01-01T00:33:37Z,andrewnormore,1970-01-01T00:33:37Z,5,"0 Views"
History,page,alumni.yorkvilleu.test,andrewnormore,1970-01-01T00:33:37Z,andrewnormore,1970-01-01T00:33:37Z,5,"0 Views"
"Meet Your Alumni Relations Officer",page,alumni.yorkvilleu.test,andrewnormore,1970-01-01T00:33:37Z,andrewnormore,1970-01-01T00:33:37Z,5,"0 Views"
About,page,alumni.yorkvilleu.test,andrewnormore,1970-01-01T00:33:37Z,andrewnormore,1970-01-01T00:33:38Z,5,"0 Views"
"President's Message",page,alumni.yorkvilleu.test,andrewnormore,1970-01-01T00:33:37Z,andrewnormore,1970-01-01T00:33:37Z,5,"0 Views"
"Event Submitted",page,alumni.yorkvilleu.test,andrewnormore,1970-01-01T00:33:37Z,andrewnormore,1970-01-01T00:33:37Z,5,"0 Views"
"Create Event",page,alumni.yorkvilleu.test,andrewnormore,1970-01-01T00:33:37Z,andrewnormore,1970-01-01T00:33:37Z,5,"0 Views"
"About Alumni Events",page,alumni.yorkvilleu.test,andrewnormore,1970-01-01T00:33:37Z,andrewnormore,1970-01-01T00:33:37Z,5,"0 Views"
iframe,page,alumni.yorkvilleu.test,andrewnormore,1970-01-01T00:33:37Z,andrewnormore,1970-01-01T00:33:37Z,5,"0 Views"
"Jacqueline Draper",post,alumni.yorkvilleu.test,andrewnormore,1970-01-01T00:33:37Z,andrewnormore,1970-01-01T00:33:38Z,5,"0 Views"
"Alumni News",page,alumni.yorkvilleu.test,andrewnormore,1970-01-01T00:33:36Z,andrewnormore,1970-01-01T00:33:37Z,5,"0 Views"
Forums,page,alumni.yorkvilleu.test,andrewnormore,1970-01-01T00:33:36Z,andrewnormore,1970-01-01T00:33:36Z,5,"0 Views"
"Submit a News Item",page,alumni.yorkvilleu.test,andrewnormore,1970-01-01T00:33:36Z,andrewnormore,1970-01-01T00:33:36Z,5,"0 Views"
"Forms and Transcripts",page,alumni.yorkvilleu.test,andrewnormore,1970-01-01T00:33:36Z,andrewnormore,1970-01-01T00:33:36Z,5,"0 Views"
"Designations After Graduation",page,alumni.yorkvilleu.test,andrewnormore,1970-01-01T00:33:36Z,andrewnormore,1970-01-01T00:33:37Z,5,"0 Views"
"Submit Profile",page,alumni.yorkvilleu.test,andrewnormore,1970-01-01T00:33:36Z,andrewnormore,1970-01-01T00:33:37Z,5,"0 Views"
Merchandise,page,alumni.yorkvilleu.test,andrewnormore,1970-01-01T00:33:36Z,andrewnormore,1970-01-01T00:33:36Z,5,"0 Views"
"Alumni Stories",page,alumni.yorkvilleu.test,andrewnormore,1970-01-01T00:33:36Z,andrewnormore,1970-01-01T00:33:36Z,5,"0 Views"
"Become an Ambassador",page,alumni.yorkvilleu.test,andrewnormore,1970-01-01T00:33:36Z,andrewnormore,1970-01-01T00:33:36Z,5,"0 Views"
"Alumni Awards",page,alumni.yorkvilleu.test,andrewnormore,1970-01-01T00:33:36Z,andrewnormore,1970-01-01T00:33:36Z,5,"0 Views"
"Refer a Friend",page,alumni.yorkvilleu.test,andrewnormore,1970-01-01T00:33:36Z,andrewnormore,1970-01-01T00:33:37Z,5,"0 Views"
"Planning An Event",page,alumni.yorkvilleu.test,andrewnormore,1970-01-01T00:33:36Z,andrewnormore,1970-01-01T00:33:36Z,5,"0 Views"
"Stay In Touch",page,alumni.yorkvilleu.test,andrewnormore,1970-01-01T00:33:36Z,andrewnormore,1970-01-01T00:33:36Z,5,"0 Views"
BBA,page,alumni.yorkvilleu.test,andrewnormore,1970-01-01T00:33:36Z,andrewnormore,1970-01-01T00:33:36Z,5,"0 Views"
MEd,page,alumni.yorkvilleu.test,andrewnormore,1970-01-01T00:33:36Z,andrewnormore,1970-01-01T00:33:36Z,5,"0 Views"
MACP,page,alumni.yorkvilleu.test,andrewnormore,1970-01-01T00:33:36Z,andrewnormore,1970-01-01T00:33:36Z,5,"0 Views"
"RCCIT Community",page,alumni.yorkvilleu.test,andrewnormore,1970-01-01T00:33:36Z,andrewnormore,1970-01-01T00:33:36Z,5,"0 Views"
"Get Involved",page,alumni.yorkvilleu.test,andrewnormore,1970-01-01T00:33:36Z,andrewnormore,1970-01-01T00:33:37Z,5,"0 Views"
Events,page,alumni.yorkvilleu.test,andrewnormore,1970-01-01T00:33:36Z,andrewnormore,1970-01-01T00:33:37Z,5,"0 Views"
News,page,alumni.yorkvilleu.test,andrewnormore,1970-01-01T00:33:36Z,andrewnormore,1970-01-01T00:33:37Z,5,"0 Views"
"Alumni Directory",page,alumni.yorkvilleu.test,andrewnormore,1970-01-01T00:33:36Z,andrewnormore,1970-01-01T00:33:37Z,5,"0 Views"
Resources,page,alumni.yorkvilleu.test,andrewnormore,1970-01-01T00:33:36Z,andrewnormore,1970-01-01T00:33:38Z,5,"0 Views"
"Sample Page",page,alumni.yorkvilleu.test,andrewnormore,1970-01-01T00:33:36Z,andrewnormore,1970-01-01T00:33:36Z,5,"0 Views"
"Not receiving email notifications",post,askyu.yorkvilleu.test,msmith,1970-01-01T00:33:38Z,msmith,1970-01-01T00:33:38Z,0,"0 Views"
"How to Forward Your Email to Another Account",post,askyu.yorkvilleu.test,msmith,1970-01-01T00:33:38Z,msmith,1970-01-01T00:33:38Z,0,"0 Views"
"Profile Pic",post,askyu.yorkvilleu.test,msmith,1970-01-01T00:33:38Z,msmith,1970-01-01T00:33:38Z,0,"0 Views"
"Changing Your Password",post,askyu.yorkvilleu.test,mhaney,1970-01-01T00:33:38Z,mhaney,1970-01-01T00:33:38Z,0,"0 Views"
"You receive the message ""We're having trouble signing you in""",post,askyu.yorkvilleu.test,anormoreyorkvilleu-ca,1970-01-01T00:33:38Z,anormoreyorkvilleu-ca,1970-01-01T00:33:38Z,0,"0 Views"
"I am not receiving an email, text or phone call for my Reset Pin",post,askyu.yorkvilleu.test,anormoreyorkvilleu-ca,1970-01-01T00:33:38Z,anormoreyorkvilleu-ca,1970-01-01T00:33:38Z,0,"0 Views"
"You Forgot Your Password",post,askyu.yorkvilleu.test,anormoreyorkvilleu-ca,1970-01-01T00:33:38Z,anormoreyorkvilleu-ca,1970-01-01T00:33:38Z,0,"0 Views"
"You know your username and password, but you canâ€™t sign in",post,askyu.yorkvilleu.test,anormoreyorkvilleu-ca,1970-01-01T00:33:38Z,anormoreyorkvilleu-ca,1970-01-01T00:33:38Z,0,"0 Views"
"You forgot your username or the email address you use to sign in",post,askyu.yorkvilleu.test,anormoreyorkvilleu-ca,1970-01-01T00:33:38Z,anormoreyorkvilleu-ca,1970-01-01T00:33:38Z,0,"0 Views"
"You never received your password from YorkvilleU",post,askyu.yorkvilleu.test,anormoreyorkvilleu-ca,1970-01-01T00:33:38Z,anormoreyorkvilleu-ca,1970-01-01T00:33:38Z,0,"0 Views"
"Password Problems",post,askyu.yorkvilleu.test,anormoreyorkvilleu-ca,1970-01-01T00:33:38Z,anormoreyorkvilleu-ca,1970-01-01T00:33:38Z,0,"0 Views"
"Online Password Reset - ""Licenses Missing"" Error",post,askyu.yorkvilleu.test,mhaney,1970-01-01T00:33:37Z,mhaney,1970-01-01T00:33:38Z,0,"0 Views"
"Recovering a Lost or Forgotten Password",post,askyu.yorkvilleu.test,mhaney,1970-01-01T00:33:37Z,mhaney,1970-01-01T00:33:38Z,0,"0 Views"
"Office 365",post,askyu.yorkvilleu.test,msmith,1970-01-01T00:33:37Z,msmith,1970-01-01T00:33:37Z,0,"0 Views"
Submit2,page,askyu.yorkvilleu.test,anormoreyorkvilleu-ca,1970-01-01T00:33:37Z,anormoreyorkvilleu-ca,1970-01-01T00:33:37Z,0,"0 Views"
"Your Case has been Received",page,askyu.yorkvilleu.test,anormoreyorkvilleu-ca,1970-01-01T00:33:37Z,anormoreyorkvilleu-ca,1970-01-01T00:33:37Z,0,"0 Views"
"MyMathLab Access Code",post,askyu.yorkvilleu.test,msmith,1970-01-01T00:33:37Z,msmith,1970-01-01T00:33:37Z,0,"0 Views"
"No Audio Presenter Files - Mac",post,askyu.yorkvilleu.test,msmith,1970-01-01T00:33:37Z,msmith,1970-01-01T00:33:37Z,0,"0 Views"
"Online Video Convertor MP4",post,askyu.yorkvilleu.test,msmith,1970-01-01T00:33:37Z,msmith,1970-01-01T00:33:37Z,0,"0 Views"
"RCC Student Wireless How To",post,askyu.yorkvilleu.test,msmith,1970-01-01T00:33:37Z,msmith,1970-01-01T00:33:37Z,0,"0 Views"
"Session Timeout Issue",post,askyu.yorkvilleu.test,msmith,1970-01-01T00:33:37Z,msmith,1970-01-01T00:33:37Z,0,"0 Views"
Subscribe/Unsubscribe,post,askyu.yorkvilleu.test,msmith,1970-01-01T00:33:37Z,msmith,1970-01-01T00:33:37Z,0,"0 Views"
"Time Zone Change on Campus",post,askyu.yorkvilleu.test,msmith,1970-01-01T00:33:37Z,msmith,1970-01-01T00:33:37Z,0,"0 Views"
"Unsubscribe from Email Notifications",post,askyu.yorkvilleu.test,msmith,1970-01-01T00:33:37Z,msmith,1970-01-01T00:33:37Z,0,"0 Views"
"Update Adobe Flash",post,askyu.yorkvilleu.test,msmith,1970-01-01T00:33:37Z,msmith,1970-01-01T00:33:37Z,0,"0 Views"
"VLC for Mac - Set as default player for file(s)",post,askyu.yorkvilleu.test,msmith,1970-01-01T00:33:37Z,msmith,1970-01-01T00:33:37Z,0,"0 Views"
"Tuition Receipt",post,askyu.yorkvilleu.test,msmith,1970-01-01T00:33:37Z,msmith,1970-01-01T00:33:37Z,0,"0 Views"
"Tax Slips Request",post,askyu.yorkvilleu.test,msmith,1970-01-01T00:33:37Z,msmith,1970-01-01T00:33:37Z,0,"0 Views"
"TurnItIn (Viewing Prof Feedback)",post,askyu.yorkvilleu.test,msmith,1970-01-01T00:33:37Z,msmith,1970-01-01T00:33:37Z,0,"0 Views"
"TurnItIn - Re-submit",post,askyu.yorkvilleu.test,msmith,1970-01-01T00:33:37Z,msmith,1970-01-01T00:33:37Z,0,"0 Views"
"TurnItIn - Save and Print Assignment with Feedback",post,askyu.yorkvilleu.test,msmith,1970-01-01T00:33:37Z,msmith,1970-01-01T00:33:37Z,0,"0 Views"
"Practicum - Create an Account",post,askyu.yorkvilleu.test,msmith,1970-01-01T00:33:37Z,msmith,1970-01-01T00:33:37Z,0,"0 Views"
"Practicum Form Save Issue",post,askyu.yorkvilleu.test,msmith,1970-01-01T00:33:37Z,msmith,1970-01-01T00:33:37Z,0,"0 Views"
"Practicum Tool - Missing/Graduate Access",post,askyu.yorkvilleu.test,msmith,1970-01-01T00:33:37Z,msmith,1970-01-01T00:33:37Z,0,"0 Views"
"Practicum Tool - Password Reset",post,askyu.yorkvilleu.test,msmith,1970-01-01T00:33:37Z,msmith,1970-01-01T00:33:37Z,0,"0 Views"
"PowerPoint Linked File",post,askyu.yorkvilleu.test,msmith,1970-01-01T00:33:37Z,msmith,1970-01-01T00:33:37Z,0,"0 Views"
"PowerPoint Auto Play",post,askyu.yorkvilleu.test,msmith,1970-01-01T00:33:37Z,msmith,1970-01-01T00:33:37Z,0,"0 Views"
"PowerPoint - Reduce File Size (Office 2010)",post,askyu.yorkvilleu.test,msmith,1970-01-01T00:33:37Z,msmith,1970-01-01T00:33:37Z,0,"0 Views"
"PowerPoint - Reduce File Size (for Older Versions)",post,askyu.yorkvilleu.test,msmith,1970-01-01T00:33:37Z,msmith,1970-01-01T00:33:37Z,0,"0 Views"
"Power Point - File Size Limit",post,askyu.yorkvilleu.test,msmith,1970-01-01T00:33:37Z,msmith,1970-01-01T00:33:37Z,0,"0 Views"
"Pearson MyLab Troubleshooting",post,askyu.yorkvilleu.test,msmith,1970-01-01T00:33:37Z,msmith,1970-01-01T00:33:37Z,0,"0 Views"
"Password Request - Campus/YSIS",post,askyu.yorkvilleu.test,msmith,1970-01-01T00:33:37Z,msmith,1970-01-01T00:33:37Z,0,"0 Views"
"No Audio on Mac for OmniJoin Recordings (when VLC fails)",post,askyu.yorkvilleu.test,msmith,1970-01-01T00:33:37Z,msmith,1970-01-01T00:33:37Z,0,"0 Views"
"OmniJoin Client Links",post,askyu.yorkvilleu.test,msmith,1970-01-01T00:33:37Z,msmith,1970-01-01T00:33:37Z,0,"0 Views"
"Booking OmniJoin Room",post,askyu.yorkvilleu.test,msmith,1970-01-01T00:33:37Z,msmith,1970-01-01T00:33:37Z,0,"0 Views"
"OmniJoin Camera Help",post,askyu.yorkvilleu.test,msmith,1970-01-01T00:33:37Z,msmith,1970-01-01T00:33:37Z,0,"0 Views"
"OmniJoin Java+",post,askyu.yorkvilleu.test,msmith,1970-01-01T00:33:37Z,msmith,1970-01-01T00:33:37Z,0,"0 Views"
"OmniJoin Microphone Doesn't Automatically Connect",post,askyu.yorkvilleu.test,msmith,1970-01-01T00:33:37Z,msmith,1970-01-01T00:33:37Z,0,"0 Views"
"Recordings  saved to the Cloud",post,askyu.yorkvilleu.test,msmith,1970-01-01T00:33:37Z,msmith,1970-01-01T00:33:37Z,0,"0 Views"
"OmniJoin Student Meeting Space Access",post,askyu.yorkvilleu.test,msmith,1970-01-01T00:33:37Z,msmith,1970-01-01T00:33:37Z,0,"0 Views"
"Not Receiving Email Notification",post,askyu.yorkvilleu.test,msmith,1970-01-01T00:33:37Z,msmith,1970-01-01T00:33:37Z,0,"0 Views"
"Assignment Upload (asking for more information)",post,askyu.yorkvilleu.test,msmith,1970-01-01T00:33:37Z,msmith,1970-01-01T00:33:37Z,0,"0 Views"
"BID Online Assignment Upload Issues",post,askyu.yorkvilleu.test,msmith,1970-01-01T00:33:37Z,msmith,1970-01-01T00:33:37Z,0,"0 Views"
"Campus Down",post,askyu.yorkvilleu.test,msmith,1970-01-01T00:33:37Z,msmith,1970-01-01T00:33:37Z,0,"0 Views"
"DQ Nested forum",post,askyu.yorkvilleu.test,msmith,1970-01-01T00:33:37Z,msmith,1970-01-01T00:33:37Z,0,"0 Views"
"Missing Email",post,askyu.yorkvilleu.test,msmith,1970-01-01T00:33:37Z,msmith,1970-01-01T00:33:37Z,0,"0 Views"
"BBA MyLab Registration",post,askyu.yorkvilleu.test,msmith,1970-01-01T00:33:37Z,msmith,1970-01-01T00:33:37Z,0,"0 Views"
"MIDA Call Center Login Issues (Waiting Forever for Login Prompt)",post,askyu.yorkvilleu.test,msmith,1970-01-01T00:33:37Z,msmith,1970-01-01T00:33:37Z,0,"0 Views"
"MIDA Call Center Login Issues (Waiting Forever for Login Prompt), Windows 10",post,askyu.yorkvilleu.test,msmith,1970-01-01T00:33:37Z,msmith,1970-01-01T00:33:37Z,0,"0 Views"
"Second Line/Extension Setup for Desk Phones",post,askyu.yorkvilleu.test,msmith,1970-01-01T00:33:37Z,msmith,1970-01-01T00:33:37Z,0,"0 Views"
"Submit your Question to AskYU",page,askyu.yorkvilleu.test,Unknown,1970-01-01T00:33:37Z,Unknown,1970-01-01T00:33:37Z,0,"0 Views"
Results,page,askyu.yorkvilleu.test,Unknown,1970-01-01T00:33:37Z,Unknown,1970-01-01T00:33:37Z,0,"0 Views"
Posts,page,askyu.yorkvilleu.test,anormoreyorkvilleu-ca,1970-01-01T00:33:37Z,anormoreyorkvilleu-ca,1970-01-01T00:33:37Z,0,"0 Views"
"Cannot Access Foliotek Account",post,askyu.yorkvilleu.test,anormoreyorkvilleu-ca,1970-01-01T00:33:37Z,anormoreyorkvilleu-ca,1970-01-01T00:33:37Z,0,"0 Views"
"Password Request - Campus/YSIS",post,askyu.yorkvilleu.test,anormoreyorkvilleu-ca,1970-01-01T00:33:37Z,anormoreyorkvilleu-ca,1970-01-01T00:33:37Z,0,"0 Views"
Posts,page,askyu.yorkvilleu.test,anormoreyorkvilleu-ca,1970-01-01T00:33:37Z,anormoreyorkvilleu-ca,1970-01-01T00:33:37Z,0,"0 Views"
Home,page,askyu.yorkvilleu.test,anormoreyorkvilleu-ca,1970-01-01T00:33:37Z,anormoreyorkvilleu-ca,1970-01-01T00:33:38Z,0,"0 Views"
"Smart Thinking Tutorial Services",post,my.yorkvilleu.test,anormoreyorkvilleu-ca,1970-01-01T00:33:38Z,anormoreyorkvilleu-ca,1970-01-01T00:33:38Z,0,"0 View"
"Mindfulness Meditation in Education: Guest Blog by Landyn Blais",post,my.yorkvilleu.test,ehatfieldyorkvilleu-ca,1970-01-01T00:33:38Z,ehatfieldyorkvilleu-ca,1970-01-01T00:33:38Z,0,"0 View"
"Video: Yorkville University Coast-to-Coast With Our Students",post,my.yorkvilleu.test,ehatfieldyorkvilleu-ca,1970-01-01T00:33:38Z,ehatfieldyorkvilleu-ca,1970-01-01T00:33:38Z,0,"0 View"
"Tip From The Learning Success Centre: Monitoring Your Progress",post,my.yorkvilleu.test,ehatfieldyorkvilleu-ca,1970-01-01T00:33:38Z,ehatfieldyorkvilleu-ca,1970-01-01T00:33:38Z,0,"0 View"
"BBA Valedictorian Video on Instagram",post,my.yorkvilleu.test,ehatfieldyorkvilleu-ca,1970-01-01T00:33:38Z,ehatfieldyorkvilleu-ca,1970-01-01T00:33:38Z,0,"0 View"
"The Next APA Workshop in March 28",post,my.yorkvilleu.test,ehatfieldyorkvilleu-ca,1970-01-01T00:33:38Z,ehatfieldyorkvilleu-ca,1970-01-01T00:33:38Z,0,"0 View"
"BBA Student and Military Bombardier Fulfills Leadership Dream | Chelseaâ€™s YU Story",post,my.yorkvilleu.test,ehatfieldyorkvilleu-ca,1970-01-01T00:33:38Z,ehatfieldyorkvilleu-ca,1970-01-01T00:33:38Z,0,"0 View"
Stores,page,my.yorkvilleu.test,anormoreyorkvilleu-ca,1970-01-01T00:33:37Z,anormoreyorkvilleu-ca,1970-01-01T00:33:37Z,0,"0 View"
"Explore MyYU",page,my.yorkvilleu.test,andrewnormore,1970-01-01T00:33:37Z,andrewnormore,1970-01-01T00:33:38Z,0,"0 View"
test,page,communicator.yorkvilleu.test,andrewnormore,1970-01-01T00:33:38Z,andrewnormore,1970-01-01T00:33:38Z,5,"0 Views"
Programs/Students,page,communicator.yorkvilleu.test,andrewnormore,1970-01-01T00:33:38Z,andrewnormore,1970-01-01T00:33:38Z,5,"0 Views"
"Current Author post",page,communicator.yorkvilleu.test,andrewnormore,1970-01-01T00:33:38Z,andrewnormore,1970-01-01T00:33:38Z,5,"0 Views"
tsesetset,post,communicator.yorkvilleu.test,andrewnormore,1970-01-01T00:33:38Z,andrewnormore,1970-01-01T00:33:38Z,5,"0 Views"
"alumni test",post,communicator.yorkvilleu.test,andrewnormore,1970-01-01T00:33:38Z,andrewnormore,1970-01-01T00:33:38Z,5,"0 Views"
56,post,communicator.yorkvilleu.test,andrewnormore,1970-01-01T00:33:38Z,andrewnormore,1970-01-01T00:33:38Z,5,"0 Views"
asdf,post,communicator.yorkvilleu.test,andrewnormore,1970-01-01T00:33:38Z,andrewnormore,1970-01-01T00:33:38Z,5,"0 Views"
asdf,post,communicator.yorkvilleu.test,andrewnormore,1970-01-01T00:33:38Z,andrewnormore,1970-01-01T00:33:38Z,5,"0 Views"
asdf,post,communicator.yorkvilleu.test,andrewnormore,1970-01-01T00:33:38Z,andrewnormore,1970-01-01T00:33:38Z,5,"0 Views"
tesgmd,post,communicator.yorkvilleu.test,andrewnormore,1970-01-01T00:33:38Z,andrewnormore,1970-01-01T00:33:38Z,5,"0 Views"
56,post,communicator.yorkvilleu.test,andrewnormore,1970-01-01T00:33:38Z,andrewnormore,1970-01-01T00:33:38Z,5,"0 Views"
"ddddd dfd",post,communicator.yorkvilleu.test,andrewnormore,1970-01-01T00:33:38Z,andrewnormore,1970-01-01T00:33:38Z,5,"0 Views"
ded,post,communicator.yorkvilleu.test,andrewnormore,1970-01-01T00:33:38Z,"Alice Ding",1970-01-01T00:33:38Z,5,"0 Views"
ded,post,communicator.yorkvilleu.test,anormoreyorkvilleu-ca,1970-01-01T00:33:38Z,anormoreyorkvilleu-ca,1970-01-01T00:33:38Z,5,"0 Views"
ded,post,communicator.yorkvilleu.test,anormoreyorkvilleu-ca,1970-01-01T00:33:38Z,anormoreyorkvilleu-ca,1970-01-01T00:33:38Z,5,"0 Views"
ded,post,communicator.yorkvilleu.test,anormoreyorkvilleu-ca,1970-01-01T00:33:38Z,anormoreyorkvilleu-ca,1970-01-01T00:33:38Z,5,"0 Views"
ded,post,communicator.yorkvilleu.test,anormoreyorkvilleu-ca,1970-01-01T00:33:38Z,anormoreyorkvilleu-ca,1970-01-01T00:33:38Z,5,"0 Views"
ded,post,communicator.yorkvilleu.test,anormoreyorkvilleu-ca,1970-01-01T00:33:38Z,anormoreyorkvilleu-ca,1970-01-01T00:33:38Z,5,"0 Views"
"this is a test",post,communicator.yorkvilleu.test,andrewnormore,1970-01-01T00:33:38Z,andrewnormore,1970-01-01T00:33:38Z,5,"0 Views"
"this is a test",post,communicator.yorkvilleu.test,andrewnormore,1970-01-01T00:33:38Z,andrewnormore,1970-01-01T00:33:38Z,5,"0 Views"
"this is a test",post,communicator.yorkvilleu.test,andrewnormore,1970-01-01T00:33:38Z,andrewnormore,1970-01-01T00:33:38Z,5,"0 Views"
"this is a test",post,communicator.yorkvilleu.test,andrewnormore,1970-01-01T00:33:38Z,andrewnormore,1970-01-01T00:33:38Z,5,"0 Views"
"Communicator Messages",page,communicator.yorkvilleu.test,andrewnormore,1970-01-01T00:33:38Z,andrewnormore,1970-01-01T00:33:38Z,5,"0 Views"
test,page,communicator.yorkvilleu.test,andrewnormore,1970-01-01T00:33:38Z,alice,1970-01-01T00:33:38Z,5,"0 Views"
test,page,communicator.yorkvilleu.test,andrewnormore,1970-01-01T00:33:38Z,"Another Alice Ding",1970-01-01T00:33:38Z,5,"0 Views"
Posts,page,communicator.yorkvilleu.test,anormoreyorkvilleu-ca,1970-01-01T00:33:38Z,"Andrew Normore",1970-01-01T00:33:38Z,5,"0 Views"
"Hello world!",post,cetl.yorkvilleu.test,andrewnormore,1970-01-01T00:33:38Z,andrewnormore,1970-01-01T00:33:38Z,2,"0 Views"
"Sample Page",page,cetl.yorkvilleu.test,andrewnormore,1970-01-01T00:33:38Z,andrewnormore,1970-01-01T00:33:38Z,2,"0 Views"
